,,,,,,,,,,,,,,,,,,,,,,,,,,,,,,,,,,,,,,,,,,,,,,,,,,,,,,,,,,,,,,,,,,,,
,,,,,,,,,,,,,,,,,,,,,,,,,,,,,,,,,,,,,,,,,,,,,,,,,,,,,,,,,,,,,,,,,,,,
,,,,,,,,,,,,,,,,,,,,,,,,,,,,,,,,,,,,,,,,,,,,,,,,,,,,,,,,,,,,,,,,,,,,
,,,,,,,,,,,,,,,,,,,,,,,,,,,,,,,,,,,,,,,,,,,,,,,,,,,,,,,,,,,,,,,,,,,,
,,,,,,,,,,,,,,,,,,,,,,,,,,,,,,,,,,,,,,,,,,,,,,,,,,,,,,,,,,,,,,,,,,,,
,,,,,,,,,,,,,,,,,,,,,,,,,,,,,,,,,,,,,,,,,,,,,,,,,,,,,,,,,,,,,,,,,,,,
,,,,,,,,,,,,,,,,,,,,,,,,,,,,,,,,,,,,,,,,,,,,,,,,,,,,,,,,,,,,,,,,,,,,
,,,,,,,,,,,,,,,,,,,,,,,,,,,,,,,,,,,,,,,,,,,,,,,,,,,,,,,,,,,,,,,,,,,,
,,,,,,,,,,,,,,,,,,,,,,,,,,,,,,,,,,,,,,,,,,,,,,,,,,,,,,,,,,,,,,,,,,,,
,,,,,,,,,,,,,,,,,,,,,,,,,,,,,,,,,,,,,,,,,,,,,,,,,,,,,,,,,,,,,,,,,,,,
,,,,,,,,,,,,,,,,,,,,,,,,,,,,,,,,,,,,,,,,,,,,,,,,,,,,,,,,,,,,,,,,,,,,
,,,,,,,,,,,,,,,,,,,,,,,,,,,,,,,,,,,,,,,,,,,,,,,,,,,,,,,,,,,,,,,,,,,,
,,,,,,,,,,,,,,,,,,,,,,,,,,,,,,,,,,,,,,,,,,,,,,,,,,,,,,,,,,,,,,,,,,,,
,,,,,,,,,,,,,,,,,,,,,,,,,,,,,,,,,,,,,,,,,,,,,,,,,,,,,,,,,,,,,,,,,,,,
,,,,,,,,,,,,,,,,,,,,,,,,,,,,,,,,,,,,,,,,,,,,,,,,,,,,,,,,,,,,,,,,,,,,
,,,,,,,,,,,,,,,,,,,,,,,,,,,,,,,,,,,,,,,,,,,,,,,,,,,,,,,,,,,,,,,,,,,,
,,,,,,,,,,,,,,,,,,,,,,,,,,,,,,,,,,,,,,,,,,,,,,,,,,,,,,,,,,,,,,,,,,,,
,,,,,,,,,,,,,,,,,,,,,,,,,,,,,,,,,,,,,,,,,,,,,,,,,,,,,,,,,,,,,,,,,,,,
,,,,,,,,,,,,,,,,,,,,,,,,,,,,,,,,,,,,,,,,,,,,,,,,,,,,,,,,,,,,,,,,,,,,
,,,,,,,,,,,,,,,,,,,,,,,,,,,,,,,,,,,,,,,,,,,,,,,,,,,,,,,,,,,,,,,,,,,,
,,,,,,,,,,,,,,,,,,,,,,,,,,,,,,,,,,,,,,,,,,,,,,,,,,,,,,,,,,,,,,,,,,,,
,,,,,,,,,,,,,,,,,,,,,,,,,,,,,,,,,,,,,,,,,,,,,,,,,,,,,,,,,,,,,,,,,,,,
,,,,,,,,,,,,,,,,,,,,,,,,,,,,,,,,,,,,,,,,,,,,,,,,,,,,,,,,,,,,,,,,,,,,
,,,,,,,,,,,,,,,,,,,,,,,,,,,,,,,,,,,,,,,,,,,,,,,,,,,,,,,,,,,,,,,,,,,,
,,,,,,,,,,,,,,,,,,,,,,,,,,,,,,,,,,,,,,,,,,,,,,,,,,,,,,,,,,,,,,,,,,,,
,,,,,,,,,,,,,,,,,,,,,,,,,,,,,,,,,,,,,,,,,,,,,,,,,,,,,,,,,,,,,,,,,,,,
,,,,,,,,,,,,,,,,,,,,,,,,,,,,,,,,,,,,,,,,,,,,,,,,,,,,,,,,,,,,,,,,,,,,
,,,,,,,,,,,,,,,,,,,,,,,,,,,,,,,,,,,,,,,,,,,,,,,,,,,,,,,,,,,,,,,,,,,,
,,,,,,,,,,,,,,,,,,,,,,,,,,,,,,,,,,,,,,,,,,,,,,,,,,,,,,,,,,,,,,,,,,,,
,,,,,,,,,,,,,,,,,,,,,,,,,,,,,,,,,,,,,,,,,,,,,,,,,,,,,,,,,,,,,,,,,,,,
,,,,,,,,,,,,,,,,,,,,,,,,,,,,,,,,,,,,,,,,,,,,,,,,,,,,,,,,,,,,,,,,,,,,
,,,,,,,,,,,,,,,,,,,,,,,,,,,,,,,,,,,,,,,,,,,,,,,,,,,,,,,,,,,,,,,,,,,,
,,,,,,,,,,,,,,,,,,,,,,,,,,,,,,,,,,,,,,,,,,,,,,,,,,,,,,,,,,,,,,,,,,,,
,,,,,,,,,,,,,,,,,,,,,,,,,,,,,,,,,,,,,,,,,,,,,,,,,,,,,,,,,,,,,,,,,,,,
,,,,,,,,,,,,,,,,,,,,,,,,,,,,,,,,,,,,,,,,,,,,,,,,,,,,,,,,,,,,,,,,,,,,
,,,,,,,,,,,,,,,,,,,,,,,,,,,,,,,,,,,,,,,,,,,,,,,,,,,,,,,,,,,,,,,,,,,,
,,,,,,,,,,,,,,,,,,,,,,,,,,,,,,,,,,,,,,,,,,,,,,,,,,,,,,,,,,,,,,,,,,,,
,,,,,,,,,,,,,,,,,,,,,,,,,,,,,,,,,,,,,,,,,,,,,,,,,,,,,,,,,,,,,,,,,,,,
,,,,,,,,,,,,,,,,,,,,,,,,,,,,,,,,,,,,,,,,,,,,,,,,,,,,,,,,,,,,,,,,,,,,
,,,,,,,,,,,,,,,,,,,,,,,,,,,,,,,,,,,,,,,,,,,,,,,,,,,,,,,,,,,,,,,,,,,,
,,,,,,,,,,,,,,,,,,,,,,,,,,,,,,,,,,,,,,,,,,,,,,,,,,,,,,,,,,,,,,,,,,,,
,,,,,,,,,,,,,,,,,,,,,,,,,,,,,,,,,,,,,,,,,,,,,,,,,,,,,,,,,,,,,,,,,,,,
,,,,,,,,,,,,,,,,,,,,,,,,,,,,,,,,,,,,,,,,,,,,,,,,,,,,,,,,,,,,,,,,,,,,
,,,,,,,,,,,,,,,,,,,,,,,,,,,,,,,,,,,,,,,,,,,,,,,,,,,,,,,,,,,,,,,,,,,,
,,,,,,,,,,,,,,,,,,,,,,,,,,,,,,,,,,,,,,,,,,,,,,,,,,,,,,,,,,,,,,,,,,,,
,,,,,,,,,,,,,,,,,,,,,,,,,,,,,,,,,,,,,,,,,,,,,,,,,,,,,,,,,,,,,,,,,,,,
,,,,,,,,,,,,,,,,,,,,,,,,,,,,,,,,,,,,,,,,,,,,,,,,,,,,,,,,,,,,,,,,,,,,
,,,,,,,,,,,,,,,,,,,,,,,,,,,,,,,,,,,,,,,,,,,,,,,,,,,,,,,,,,,,,,,,,,,,
,,,,,,,,,,,,,,,,,,,,,,,,,,,,,,,,,,,,,,,,,,,,,,,,,,,,,,,,,,,,,,,,,,,,
,,,,,,,,,,,,,,,,,,,,,,,,,,,,,,,,,,,,,,,,,,,,,,,,,,,,,,,,,,,,,,,,,,,,
,,,,,,,,,,,,,,,,,,,,,,,,,,,,,,,,,,,,,,,,,,,,,,,,,,,,,,,,,,,,,,,,,,,,
,,,,,,,,,,,,,,,,,,,,,,,,,,,,,,,,,,,,,,,,,,,,,,,,,,,,,,,,,,,,,,,,,,,,
,,,,,,,,,,,,,,,,,,,,,,,,,,,,,,,,,,,,,,,,,,,,,,,,,,,,,,,,,,,,,,,,,,,,
,,,,,,,,,,,,,,,,,,,,,,,,,,,,,,,,,,,,,,,,,,,,,,,,,,,,,,,,,,,,,,,,,,,,
,,,,,,,,,,,,,,,,,,,,,,,,,,,,,,,,,,,,,,,,,,,,,,,,,,,,,,,,,,,,,,,,,,,,
,,,,,,,,,,,,,,,,,,,,,,,,,,,,,,,,,,,,,,,,,,,,,,,,,,,,,,,,,,,,,,,,,,,,
,,,,,,,,,,,,,,,,,,,,,,,,,,,,,,,,,,,,,,,,,,,,,,,,,,,,,,,,,,,,,,,,,,,,
,,,,,,,,,,,,,,,,,,,,,,,,,,,,,,,,,,,,,,,,,,,,,,,,,,,,,,,,,,,,,,,,,,,,
,,,,,,,,,,,,,,,,,,,,,,,,,,,,,,,,,,,,,,,,,,,,,,,,,,,,,,,,,,,,,,,,,,,,
,,,,,,,,,,,,,,,,,,,,,,,,,,,,,,,,,,,,,,,,,,,,,,,,,,,,,,,,,,,,,,,,,,,,
,,,,,,,,,,,,,,,,,,,,,,,,,,,,,,,,,,,,,,,,,,,,,,,,,,,,,,,,,,,,,,,,,,,,
,,,,,,,,,,,,,,,,,,,,,,,,,,,,,,,,,,,,,,,,,,,,,,,,,,,,,,,,,,,,,,,,,,,,
,,,,,,,,,,,,,,,,,,,,,,,,,,,,,,,,,,,,,,,,,,,,,,,,,,,,,,,,,,,,,,,,,,,,
,,,,,,,,,,,,,,,,,,,,,,,,,,,,,,,,,,,,,,,,,,,,,,,,,,,,,,,,,,,,,,,,,,,,
,,,,,,,,,,,,,,,,,,,,,,,,,,,,,,,,,,,,,,,,,,,,,,,,,,,,,,,,,,,,,,,,,,,,
class,x1,y1,z1,v1,x2,y2,z2,v2,x3,y3,z3,v3,x4,y4,z4,v4,x5,y5,z5,v5,x6,y6,z6,v6,x7,y7,z7,v7,x8,y8,z8,v8,x9,y9,z9,v9,x10,y10,z10,v10,x11,y11,z11,v11,x12,y12,z12,v12,x13,y13,z13,v13,x14,y14,z14,v14,x15,y15,z15,v15,x16,y16,z16,v16,x17,y17,z17,v17,x18,y18,z18,v18,x19,y19,z19,v19,x20,y20,z20,v20,x21,y21,z21,v21
shubhangi,0.5169582962989807,0.5584123134613037,3.121767122138408e-06,0.0,0.5559805631637573,0.5434622168540955,-0.0318259634077549,0.0,0.5892118215560913,0.5052506327629089,-0.04592577740550041,0.0,0.6160442233085632,0.4731772541999817,-0.05691228806972504,0.0,0.6415290832519531,0.4601764380931854,-0.0693497583270073,0.0,0.5599010586738586,0.42896243929862976,-0.031305283308029175,0.0,0.5761175751686096,0.3711318075656891,-0.04291275143623352,0.0,0.5849228501319885,0.34281378984451294,-0.05539445951581001,0.0,0.5904373526573181,0.3203378915786743,-0.06660939753055573,0.0,0.5321457386016846,0.4215860366821289,-0.02740221470594406,0.0,0.5376133918762207,0.3562036156654358,-0.03750452771782875,0.0,0.5404041409492493,0.32179903984069824,-0.048970628529787064,0.0,0.538902223110199,0.293908953666687,-0.05880999192595482,0.0,0.508078932762146,0.43009835481643677,-0.02811635099351406,0.0,0.4997258484363556,0.37263014912605286,-0.0406256727874279,0.0,0.49345311522483826,0.3399665355682373,-0.05743740126490593,0.0,0.48734816908836365,0.3097575306892395,-0.07245176285505295,0.0,0.4864266812801361,0.4523896276950836,-0.0306464284658432,0.0,0.4640267491340637,0.4183070659637451,-0.04647963121533394,0.0,0.450100839138031,0.4002348780632019,-0.05922170728445053,0.0,0.43711405992507935,0.3807852864265442,-0.07141059637069702,0.0
shubhangi,0.5037351846694946,0.5590231418609619,5.87292652198812e-06,0.0,0.5423362255096436,0.5413179397583008,-0.0279815923422575,0.0,0.5776137113571167,0.5102194547653198,-0.04155517742037773,0.0,0.6060335636138916,0.4831392765045166,-0.05245468020439148,0.0,0.6314433813095093,0.4764136075973511,-0.06750239431858063,0.0,0.5599575638771057,0.4328033924102783,-0.02349800243973732,0.0,0.5809808969497681,0.38819846510887146,-0.03855127841234207,0.0,0.593526303768158,0.36064523458480835,-0.05159115791320801,0.0,0.6042731404304504,0.3355565071105957,-0.06444407254457474,0.0,0.5367051362991333,0.42076921463012695,-0.019540363922715187,0.0,0.5495083928108215,0.3679350018501282,-0.030708974227309227,0.0,0.5579325556755066,0.33596673607826233,-0.04323982074856758,0.0,0.5651479959487915,0.30686625838279724,-0.05395548790693283,0.0,0.5136049389839172,0.4245724380016327,-0.020266618579626083,0.0,0.5131308436393738,0.3747386634349823,-0.03293298929929733,0.0,0.5134870409965515,0.3450641632080078,-0.04844934493303299,0.0,0.515254557132721,0.3177087604999542,-0.06076700612902641,0.0,0.490780234336853,0.4409852921962738,-0.023514434695243835,0.0,0.47496360540390015,0.4104527235031128,-0.037057600915431976,0.0,0.4660985767841339,0.391905814409256,-0.04965227469801903,0.0,0.4593261182308197,0.37266284227371216,-0.06102011352777481,0.0
shubhangi,0.48698148131370544,0.5593396425247192,2.3946613509906456e-05,0.0,0.5238916873931885,0.532139003276825,-0.012088790535926819,0.0,0.5574722290039062,0.49685239791870117,-0.01915290765464306,0.0,0.5838146805763245,0.46784964203834534,-0.025753943249583244,0.0,0.6032187938690186,0.44949403405189514,-0.03449847549200058,0.0,0.5251642465591431,0.42665499448776245,-0.00884962733834982,0.0,0.5407814979553223,0.3795836567878723,-0.013274994678795338,0.0,0.548491358757019,0.3485059142112732,-0.018479716032743454,0.0,0.554863452911377,0.32248371839523315,-0.025022394955158234,0.0,0.5015720129013062,0.4208471477031708,-0.008959905244410038,0.0,0.5076119899749756,0.36740463972091675,-0.015105600468814373,0.0,0.512149453163147,0.3328723609447479,-0.022184258326888084,0.0,0.5147776007652283,0.3025159239768982,-0.027257485315203667,0.0,0.47908422350883484,0.4281947910785675,-0.010249768383800983,0.0,0.4782862663269043,0.381974458694458,-0.016705205664038658,0.0,0.47710323333740234,0.3502321243286133,-0.028004474937915802,0.0,0.4754226505756378,0.32258471846580505,-0.038060132414102554,0.0,0.4584943354129791,0.4469344913959503,-0.012282202020287514,0.0,0.44815874099731445,0.4158061146736145,-0.02459488809108734,0.0,0.4442119002342224,0.3959333002567291,-0.03567463904619217,0.0,0.4397222697734833,0.37873852252960205,-0.043684057891368866,0.0
shubhangi,0.462425172328949,0.5647163391113281,-5.057677117292769e-05,0.0,0.49696600437164307,0.526556134223938,-0.004950918257236481,0.0,0.5248448252677917,0.4794156849384308,-0.010323873721063137,0.0,0.5486059188842773,0.44656455516815186,-0.017448484897613525,0.0,0.5675312280654907,0.4218061566352844,-0.024810660630464554,0.0,0.48137280344963074,0.43020254373550415,-0.011072794906795025,0.0,0.4826927185058594,0.38026729226112366,-0.014376564882695675,0.0,0.4842810332775116,0.34659695625305176,-0.020577356219291687,0.0,0.48459291458129883,0.3184291422367096,-0.027755530551075935,0.0,0.4580175280570984,0.43787649273872375,-0.017392683774232864,0.0,0.44962775707244873,0.39311808347702026,-0.027001725509762764,0.0,0.4409942030906677,0.3592562675476074,-0.0362301766872406,0.0,0.42999857664108276,0.3321426510810852,-0.04396281763911247,0.0,0.44178158044815063,0.45908573269844055,-0.025783296674489975,0.0,0.43299567699432373,0.41923442482948303,-0.03974171727895737,0.0,0.42765066027641296,0.4025649130344391,-0.053119007498025894,0.0,0.42144066095352173,0.3946523368358612,-0.0647658184170723,0.0,0.43133068084716797,0.4856572151184082,-0.03346690535545349,0.0,0.41957154870033264,0.46892011165618896,-0.05295765772461891,0.0,0.41237980127334595,0.45836877822875977,-0.06549831479787827,0.0,0.40586698055267334,0.4529417157173157,-0.0742519348859787,0.0
shubhangi,0.4389018416404724,0.5589187741279602,2.337627847737167e-05,0.0,0.47119155526161194,0.5345006585121155,-0.027188895270228386,0.0,0.4919659197330475,0.48870009183883667,-0.04152346029877663,0.0,0.5072942972183228,0.4523048400878906,-0.05238351598381996,0.0,0.5265666246414185,0.42873215675354004,-0.06660297513008118,0.0,0.44791916012763977,0.4362339973449707,-0.03264859318733215,0.0,0.4493488371372223,0.3860061764717102,-0.0477515272796154,0.0,0.4482479393482208,0.35599666833877563,-0.055851150304079056,0.0,0.4477066695690155,0.33152005076408386,-0.06318286061286926,0.0,0.4199276566505432,0.44162461161613464,-0.029648536816239357,0.0,0.4091138243675232,0.3891289234161377,-0.04086270183324814,0.0,0.40359634160995483,0.35561835765838623,-0.05042775720357895,0.0,0.398244708776474,0.32995060086250305,-0.05601527914404869,0.0,0.39868664741516113,0.4606941044330597,-0.030131520703434944,0.0,0.37766724824905396,0.4183450937271118,-0.044788576662540436,0.0,0.3670130968093872,0.38962799310684204,-0.06030258163809776,0.0,0.35833191871643066,0.36544471979141235,-0.07126523554325104,0.0,0.3836956024169922,0.49156954884529114,-0.031946707516908646,0.0,0.3546161651611328,0.4750194549560547,-0.04823979362845421,0.0,0.3358113169670105,0.4640377163887024,-0.06321154534816742,0.0,0.31868475675582886,0.4531114101409912,-0.0752238780260086,0.0
shubhangi,0.4222102463245392,0.5855879187583923,4.618141247192398e-05,0.0,0.4532892107963562,0.5477631688117981,-0.018432844430208206,0.0,0.47467121481895447,0.49782806634902954,-0.027918444946408272,0.0,0.4924750030040741,0.457808256149292,-0.03545698896050453,0.0,0.511981725692749,0.4374709725379944,-0.045889560133218765,0.0,0.42982929944992065,0.4435369372367859,-0.014073530212044716,0.0,0.4327867031097412,0.3919799327850342,-0.021868018433451653,0.0,0.4328671991825104,0.3598628640174866,-0.029328173026442528,0.0,0.4319077432155609,0.33202967047691345,-0.03807930648326874,0.0,0.4019143879413605,0.448421835899353,-0.013500078581273556,0.0,0.3940263092517853,0.39431217312812805,-0.021517012268304825,0.0,0.38852283358573914,0.35962697863578796,-0.03330782428383827,0.0,0.3831302523612976,0.3327034115791321,-0.03993051126599312,0.0,0.3796854317188263,0.46726393699645996,-0.015775956213474274,0.0,0.3616584539413452,0.42337921261787415,-0.026565885171294212,0.0,0.3500368595123291,0.39504754543304443,-0.04162359610199928,0.0,0.3404730558395386,0.37213969230651855,-0.05273841693997383,0.0,0.3638392686843872,0.49757683277130127,-0.019146673381328583,0.0,0.339598149061203,0.4791930019855499,-0.034395672380924225,0.0,0.3232809007167816,0.46631696820259094,-0.04856384918093681,0.0,0.3083355128765106,0.4537113904953003,-0.06047961860895157,0.0
shubhangi,0.42026612162590027,0.5809853076934814,1.4864572221995331e-05,0.0,0.45100706815719604,0.5436939001083374,-0.02467132918536663,0.0,0.47238045930862427,0.4981134235858917,-0.039952777326107025,0.0,0.49049508571624756,0.4596826136112213,-0.05393337085843086,0.0,0.5103890895843506,0.4357352554798126,-0.06989502906799316,0.0,0.4263630211353302,0.44480687379837036,-0.02742878533899784,0.0,0.4277520477771759,0.39273369312286377,-0.04139575734734535,0.0,0.4273627996444702,0.3611038327217102,-0.05083588510751724,0.0,0.42735186219215393,0.33417820930480957,-0.06095241382718086,0.0,0.3982528746128082,0.4495624899864197,-0.026638107374310493,0.0,0.38927507400512695,0.39569157361984253,-0.03786706551909447,0.0,0.38346171379089355,0.36117082834243774,-0.04804478585720062,0.0,0.37940800189971924,0.3343578279018402,-0.05409418046474457,0.0,0.3760831654071808,0.4689086377620697,-0.02990855649113655,0.0,0.3554716110229492,0.42546531558036804,-0.04183155670762062,0.0,0.3441242575645447,0.39738455414772034,-0.054495058953762054,0.0,0.3365935683250427,0.37365490198135376,-0.06267192214727402,0.0,0.3599768579006195,0.4995439648628235,-0.03440261259675026,0.0,0.33307069540023804,0.4816351532936096,-0.04845976084470749,0.0,0.31525516510009766,0.4688010513782501,-0.05969705432653427,0.0,0.29970070719718933,0.45431873202323914,-0.06884466111660004,0.0
shubhangi,0.421150267124176,0.5799760222434998,-1.8366815766057698e-06,0.0,0.45107412338256836,0.5421140789985657,-0.024740029126405716,0.0,0.47196608781814575,0.4943179786205292,-0.03934888914227486,0.0,0.48913970589637756,0.4549388885498047,-0.052129436284303665,0.0,0.5080063939094543,0.43121254444122314,-0.06638649106025696,0.0,0.42471984028816223,0.44376838207244873,-0.03231659159064293,0.0,0.42452818155288696,0.39312028884887695,-0.048016346991062164,0.0,0.42291486263275146,0.36150500178337097,-0.05820343643426895,0.0,0.42127782106399536,0.3339402675628662,-0.06886684894561768,0.0,0.3966965973377228,0.4496545195579529,-0.03200382739305496,0.0,0.3851577639579773,0.39614659547805786,-0.046039242297410965,0.0,0.3781462609767914,0.36212289333343506,-0.05782743915915489,0.0,0.3720669746398926,0.33500707149505615,-0.06552796065807343,0.0,0.37508425116539,0.4703594446182251,-0.03555149585008621,0.0,0.3517189919948578,0.4287938177585602,-0.05065467208623886,0.0,0.3388778567314148,0.40199366211891174,-0.06610992550849915,0.0,0.3293197751045227,0.37918615341186523,-0.07607275992631912,0.0,0.35947251319885254,0.5021481513977051,-0.04001481458544731,0.0,0.3304364085197449,0.4869964122772217,-0.056188229471445084,0.0,0.3114539384841919,0.4756733477115631,-0.06902344524860382,0.0,0.29432839155197144,0.46217837929725647,-0.08077866584062576,0.0
shubhangi,0.4036831557750702,0.5916369557380676,1.3500750355888158e-05,0.0,0.426766037940979,0.5454677939414978,-0.012784230522811413,0.0,0.44362378120422363,0.4938700497150421,-0.023873645812273026,0.0,0.459736704826355,0.4526435434818268,-0.03304530680179596,0.0,0.4745485186576843,0.4265846610069275,-0.04338354617357254,0.0,0.390613853931427,0.4540255069732666,-0.029482349753379822,0.0,0.3874449133872986,0.39876317977905273,-0.0380704291164875,0.0,0.3825443685054779,0.36656132340431213,-0.045215655118227005,0.0,0.37833476066589355,0.33712106943130493,-0.05249599367380142,0.0,0.36531946063041687,0.46553725004196167,-0.031004194170236588,0.0,0.348673552274704,0.41243377327919006,-0.04378712549805641,0.0,0.33799681067466736,0.38102126121520996,-0.055183105170726776,0.0,0.3283623158931732,0.3550731837749481,-0.06379648298025131,0.0,0.3474809527397156,0.48870187997817993,-0.03306003659963608,0.0,0.3224116563796997,0.45083555579185486,-0.04322873800992966,0.0,0.3047317862510681,0.427682101726532,-0.057519540190696716,0.0,0.29044225811958313,0.4070085287094116,-0.07193605601787567,0.0,0.33844268321990967,0.5218161940574646,-0.03475809097290039,0.0,0.31214505434036255,0.5121195316314697,-0.04966108128428459,0.0,0.2968330681324005,0.5082709789276123,-0.06484327465295792,0.0,0.2845119833946228,0.5061401128768921,-0.07847414165735245,0.0
shubhangi,0.38287273049354553,0.6053237318992615,2.875285099435132e-05,0.0,0.40214887261390686,0.5555022954940796,-0.007126460783183575,0.0,0.414171427488327,0.5037976503372192,-0.01447267085313797,0.0,0.42744919657707214,0.4620938003063202,-0.022517424076795578,0.0,0.44014036655426025,0.43246954679489136,-0.029576797038316727,0.0,0.35596492886543274,0.4695471525192261,-0.012880366295576096,0.0,0.3513002097606659,0.4164169430732727,-0.015483149327337742,0.0,0.3444048762321472,0.38654300570487976,-0.020548367872834206,0.0,0.3378933072090149,0.3604797422885895,-0.02747955359518528,0.0,0.3338887691497803,0.4834904074668884,-0.01714790053665638,0.0,0.3140876591205597,0.4335062503814697,-0.025845570489764214,0.0,0.30082404613494873,0.40326815843582153,-0.03559418022632599,0.0,0.2885216474533081,0.37750351428985596,-0.042704325169324875,0.0,0.3203675150871277,0.5089297890663147,-0.02265704981982708,0.0,0.2937332093715668,0.4782620072364807,-0.03083936497569084,0.0,0.27282142639160156,0.45825931429862976,-0.044318921864032745,0.0,0.254219114780426,0.4393252730369568,-0.0573652982711792,0.0,0.3165527880191803,0.5426782369613647,-0.02682289108633995,0.0,0.29370611906051636,0.533878743648529,-0.04154054820537567,0.0,0.28018927574157715,0.5302273035049438,-0.05392375960946083,0.0,0.2678689956665039,0.5279536843299866,-0.06238585337996483,0.0
shubhangi,0.3714042603969574,0.607793390750885,2.4898281481000595e-05,0.0,0.3903132677078247,0.5620888471603394,-0.008795058354735374,0.0,0.3985525667667389,0.5106893181800842,-0.015306130982935429,0.0,0.40791764855384827,0.46875232458114624,-0.021241316571831703,0.0,0.4205487370491028,0.4442252516746521,-0.027226533740758896,0.0,0.342332124710083,0.47982335090637207,-0.013738046400249004,0.0,0.33130255341529846,0.4311235845088959,-0.018383072689175606,0.0,0.32434922456741333,0.4006560146808624,-0.023794252425432205,0.0,0.31801873445510864,0.37408819794654846,-0.03122800402343273,0.0,0.3184494972229004,0.49521249532699585,-0.01712680794298649,0.0,0.29601767659187317,0.4494703710079193,-0.024685010313987732,0.0,0.2833775579929352,0.4206358790397644,-0.03528289869427681,0.0,0.2720281779766083,0.39634883403778076,-0.043144069612026215,0.0,0.3027692437171936,0.520138680934906,-0.02132580429315567,0.0,0.27322274446487427,0.4891462028026581,-0.030014069750905037,0.0,0.25223082304000854,0.46944624185562134,-0.04312119260430336,0.0,0.23329418897628784,0.45080769062042236,-0.055456485599279404,0.0,0.29604771733283997,0.5522897839546204,-0.025176718831062317,0.0,0.2702082097530365,0.5406973958015442,-0.036950916051864624,0.0,0.25268152356147766,0.5352516770362854,-0.04764290153980255,0.0,0.23458683490753174,0.5286485552787781,-0.05630946904420853,0.0
shubhangi,0.35727161169052124,0.6143425703048706,3.180079147568904e-05,0.0,0.37675386667251587,0.5685919523239136,-0.017376160249114037,0.0,0.38431259989738464,0.5190960168838501,-0.027164222672581673,0.0,0.39192578196525574,0.4777979552745819,-0.036079924553632736,0.0,0.4053492844104767,0.4537172317504883,-0.04644766077399254,0.0,0.33107250928878784,0.4883294105529785,-0.019248399883508682,0.0,0.32335007190704346,0.4392540156841278,-0.027042798697948456,0.0,0.31725001335144043,0.41100791096687317,-0.03495005890727043,0.0,0.3109433948993683,0.38790053129196167,-0.04319416359066963,0.0,0.30681613087654114,0.5033941864967346,-0.019540345296263695,0.0,0.28617629408836365,0.4579704999923706,-0.028650198131799698,0.0,0.2733764052391052,0.43047696352005005,-0.0410635843873024,0.0,0.261752188205719,0.4088413119316101,-0.048662859946489334,0.0,0.2914843261241913,0.5289319157600403,-0.022418566048145294,0.0,0.2632750868797302,0.49705249071121216,-0.03225887194275856,0.0,0.24550247192382812,0.4773019254207611,-0.04500390589237213,0.0,0.22966915369033813,0.4603305459022522,-0.05505942553281784,0.0,0.28498685359954834,0.5627934336662292,-0.025857821106910706,0.0,0.25816452503204346,0.5576999187469482,-0.03928111866116524,0.0,0.23912617564201355,0.5553855895996094,-0.05083630606532097,0.0,0.21927404403686523,0.5510234832763672,-0.06047744303941727,0.0
shubhangi,0.372529000043869,0.6023533940315247,-1.926379081851337e-05,0.0,0.3965989649295807,0.5600950717926025,-0.01933550462126732,0.0,0.4056178331375122,0.5144943594932556,-0.03161284700036049,0.0,0.41152268648147583,0.47898125648498535,-0.045063186436891556,0.0,0.42672809958457947,0.45077094435691833,-0.06194141134619713,0.0,0.35326141119003296,0.4741010367870331,-0.020623866468667984,0.0,0.3477455973625183,0.4290403723716736,-0.03503330796957016,0.0,0.34238627552986145,0.3993222415447235,-0.04401320591568947,0.0,0.33806467056274414,0.373088002204895,-0.05338972434401512,0.0,0.3293527364730835,0.48756539821624756,-0.02166280895471573,0.0,0.31232529878616333,0.4442180097103119,-0.033872805535793304,0.0,0.3005390167236328,0.41713327169418335,-0.0416899099946022,0.0,0.29037630558013916,0.3942359983921051,-0.046876657754182816,0.0,0.31342288851737976,0.5119915008544922,-0.027346283197402954,0.0,0.2870774567127228,0.4848234951496124,-0.04084376245737076,0.0,0.2702175974845886,0.46392661333084106,-0.05198618769645691,0.0,0.2585168480873108,0.4442625939846039,-0.0604102797806263,0.0,0.30430129170417786,0.5436046719551086,-0.03367874026298523,0.0,0.27409932017326355,0.5402553081512451,-0.04756435751914978,0.0,0.25483429431915283,0.5388031601905823,-0.05725666135549545,0.0,0.23853884637355804,0.5325426459312439,-0.0665448009967804,0.0
shubhangi,0.3931278586387634,0.5910289287567139,-1.611626794328913e-05,0.0,0.41715630888938904,0.5512512922286987,-0.016910303384065628,0.0,0.4345599412918091,0.5066384673118591,-0.028576964512467384,0.0,0.4490310549736023,0.4718097448348999,-0.041094593703746796,0.0,0.4648607075214386,0.44833844900131226,-0.05382310971617699,0.0,0.3873530328273773,0.4634663760662079,-0.024182816967368126,0.0,0.3866305649280548,0.4134986102581024,-0.0355830080807209,0.0,0.38296830654144287,0.38386663794517517,-0.042518287897109985,0.0,0.3807048201560974,0.3571171462535858,-0.048372503370046616,0.0,0.3617721199989319,0.469954252243042,-0.02612963318824768,0.0,0.34768611192703247,0.4206598699092865,-0.04034476354718208,0.0,0.33765846490859985,0.39210379123687744,-0.051142722368240356,0.0,0.33141934871673584,0.36884668469429016,-0.05690590292215347,0.0,0.34408432245254517,0.4881252348423004,-0.031037891283631325,0.0,0.32136571407318115,0.4515347480773926,-0.04508688673377037,0.0,0.3046322166919708,0.42927059531211853,-0.061487045139074326,0.0,0.29387810826301575,0.40948718786239624,-0.07356419414281845,0.0,0.3337630033493042,0.5188362002372742,-0.036558669060468674,0.0,0.3059144616127014,0.5119360685348511,-0.053497105836868286,0.0,0.2906462848186493,0.5099141001701355,-0.0697275847196579,0.0,0.28254905343055725,0.5090959668159485,-0.08324062079191208,0.0
shubhangi,0.4350471496582031,0.5715904235839844,2.9220373107818887e-05,0.0,0.4626001715660095,0.542953372001648,-0.024377766996622086,0.0,0.4811895489692688,0.497831255197525,-0.03796578198671341,0.0,0.49688440561294556,0.4636257290840149,-0.04883382096886635,0.0,0.5159987211227417,0.44351038336753845,-0.06342385709285736,0.0,0.4371298849582672,0.44668078422546387,-0.02871045097708702,0.0,0.4384843409061432,0.39781343936920166,-0.04321543499827385,0.0,0.43824300169944763,0.36712563037872314,-0.052679434418678284,0.0,0.43840622901916504,0.34261083602905273,-0.061374932527542114,0.0,0.4106830954551697,0.45293113589286804,-0.026881873607635498,0.0,0.39829695224761963,0.3995448350906372,-0.03954470157623291,0.0,0.39136239886283875,0.3663104176521301,-0.04945138096809387,0.0,0.3854546546936035,0.3404236435890198,-0.05458885431289673,0.0,0.3915451765060425,0.47268998622894287,-0.028110526502132416,0.0,0.3695051372051239,0.4313267469406128,-0.042661577463150024,0.0,0.3570975065231323,0.40298640727996826,-0.058133479207754135,0.0,0.34722238779067993,0.37974756956100464,-0.06850714981555939,0.0,0.378255695104599,0.503606915473938,-0.03041915036737919,0.0,0.3504236340522766,0.487427681684494,-0.04557759314775467,0.0,0.33320584893226624,0.47585368156433105,-0.05959663540124893,0.0,0.3181372582912445,0.4650818109512329,-0.07154426723718643,0.0
shubhangi,0.4571613073348999,0.574192464351654,-3.916673085768707e-05,0.0,0.48828020691871643,0.544220507144928,-0.02467699721455574,0.0,0.5054901242256165,0.5050171613693237,-0.04194490239024162,0.0,0.5189571976661682,0.4728548526763916,-0.05935356765985489,0.0,0.5438118577003479,0.4503394067287445,-0.08167538791894913,0.0,0.46687790751457214,0.43610987067222595,-0.035568930208683014,0.0,0.4734638035297394,0.39059266448020935,-0.0569986067712307,0.0,0.477262943983078,0.36046722531318665,-0.06976111978292465,0.0,0.480574369430542,0.33206993341445923,-0.08116030693054199,0.0,0.44079917669296265,0.43975549936294556,-0.0368250235915184,0.0,0.43417519330978394,0.38949882984161377,-0.053916264325380325,0.0,0.4287767708301544,0.35697197914123535,-0.06640765815973282,0.0,0.42355063557624817,0.32590848207473755,-0.07640887051820755,0.0,0.41917628049850464,0.4586437940597534,-0.042259346693754196,0.0,0.40219858288764954,0.41796398162841797,-0.06034117564558983,0.0,0.3927437365055084,0.38804179430007935,-0.07623186707496643,0.0,0.38605836033821106,0.3592158555984497,-0.08726256340742111,0.0,0.40257394313812256,0.4867490231990814,-0.04814460128545761,0.0,0.3738190829753876,0.4709043800830841,-0.06726737320423126,0.0,0.35538947582244873,0.45880836248397827,-0.08134566992521286,0.0,0.3401551842689514,0.4436242878437042,-0.09500370174646378,0.0
shubhangi,0.5030117630958557,0.5582153797149658,-1.1992941608696128e-06,0.0,0.5406349897384644,0.5448695421218872,-0.03113669343292713,0.0,0.5713434815406799,0.512084424495697,-0.050131745636463165,0.0,0.597977876663208,0.48633119463920593,-0.06730329245328903,0.0,0.624314546585083,0.47486233711242676,-0.08516336232423782,0.0,0.5335490107536316,0.4348682165145874,-0.03609783947467804,0.0,0.5470798015594482,0.3774246573448181,-0.05329690873622894,0.0,0.5533066987991333,0.35173213481903076,-0.06834777444601059,0.0,0.5578017830848694,0.3347724676132202,-0.07808278501033783,0.0,0.5048441886901855,0.4318515658378601,-0.03555707260966301,0.0,0.5051975250244141,0.3643174171447754,-0.045495908707380295,0.0,0.506505012512207,0.3324472904205322,-0.053617529571056366,0.0,0.5059372186660767,0.31283026933670044,-0.058604732155799866,0.0,0.48199453949928284,0.4452403485774994,-0.038256045430898666,0.0,0.4693271219730377,0.38761645555496216,-0.056287724524736404,0.0,0.4624902606010437,0.3571193516254425,-0.07074598222970963,0.0,0.4567647874355316,0.3334597945213318,-0.08248437196016312,0.0,0.4633650779724121,0.4734637141227722,-0.04393963888287544,0.0,0.43728893995285034,0.44440311193466187,-0.06356353312730789,0.0,0.4227566123008728,0.42948365211486816,-0.07623744755983353,0.0,0.41062960028648376,0.41448649764060974,-0.08576437830924988,0.0
shubhangi,0.5555047988891602,0.5795117616653442,2.085704545606859e-05,0.0,0.5914168357849121,0.5677117109298706,-0.041057564318180084,0.0,0.6264621615409851,0.5361882448196411,-0.062341321259737015,0.0,0.6564987301826477,0.5145237445831299,-0.07898219674825668,0.0,0.6867051124572754,0.5089797377586365,-0.1003427729010582,0.0,0.5990455746650696,0.4532555639743805,-0.044740304350852966,0.0,0.6176348328590393,0.4040463864803314,-0.06385470181703568,0.0,0.6266918778419495,0.3709842562675476,-0.07654393464326859,0.0,0.6340701580047607,0.34381967782974243,-0.08875861018896103,0.0,0.5695004463195801,0.44319772720336914,-0.03765580430626869,0.0,0.5758435726165771,0.38252314925193787,-0.05309980362653732,0.0,0.5798379778862,0.3452172875404358,-0.06508733332157135,0.0,0.5826147198677063,0.3141912817955017,-0.07186698168516159,0.0,0.5433627367019653,0.450915664434433,-0.03522684797644615,0.0,0.535883367061615,0.3972015082836151,-0.05405942350625992,0.0,0.5325440764427185,0.3616357147693634,-0.07287432998418808,0.0,0.5302437543869019,0.3303964138031006,-0.08582491427659988,0.0,0.5195199847221375,0.47446608543395996,-0.035464245826005936,0.0,0.49728116393089294,0.44470253586769104,-0.05474061518907547,0.0,0.4825785160064697,0.42629989981651306,-0.07148174196481705,0.0,0.4696977138519287,0.4075324535369873,-0.08613351732492447,0.0
shubhangi,0.5659992694854736,0.5854069590568542,-1.8386404917691834e-05,0.0,0.6069682240486145,0.5700605511665344,-0.03396188095211983,0.0,0.6420395374298096,0.5390540361404419,-0.05443384498357773,0.0,0.6716206669807434,0.513771116733551,-0.0741986557841301,0.0,0.7035704255104065,0.5067901015281677,-0.09729095548391342,0.0,0.6192789077758789,0.45008963346481323,-0.040838636457920074,0.0,0.6393556594848633,0.4025237560272217,-0.06510740518569946,0.0,0.6526658535003662,0.3703463077545166,-0.08293510973453522,0.0,0.6657463312149048,0.34215691685676575,-0.0977809727191925,0.0,0.5907350182533264,0.4396255910396576,-0.03838816285133362,0.0,0.5973963737487793,0.3805086612701416,-0.05651310458779335,0.0,0.6011509299278259,0.34292975068092346,-0.07135079801082611,0.0,0.6047675013542175,0.31011736392974854,-0.08188057690858841,0.0,0.5631865859031677,0.44650810956954956,-0.04093795642256737,0.0,0.5551448464393616,0.39626920223236084,-0.06240987405180931,0.0,0.5502209067344666,0.36068451404571533,-0.08015802502632141,0.0,0.5497601628303528,0.32795625925064087,-0.09183843433856964,0.0,0.5389227271080017,0.46761125326156616,-0.0447746217250824,0.0,0.5162242650985718,0.4385404586791992,-0.06472992897033691,0.0,0.5014268159866333,0.4206637442111969,-0.07500619441270828,0.0,0.4910231828689575,0.40026089549064636,-0.08295723050832748,0.0
shubhangi,0.5458288788795471,0.5783847570419312,3.055917477468029e-05,0.0,0.5832605361938477,0.5532556176185608,-0.011395865119993687,0.0,0.6180316209793091,0.5186617970466614,-0.023576315492391586,0.0,0.6487301588058472,0.4947179853916168,-0.03521302342414856,0.0,0.6722369194030762,0.4860038161277771,-0.04774057865142822,0.0,0.584182620048523,0.4436703026294708,-0.034765761345624924,0.0,0.6035193800926208,0.39303430914878845,-0.0492563396692276,0.0,0.6130174398422241,0.3602750897407532,-0.05955888330936432,0.0,0.6212986707687378,0.33259713649749756,-0.06928690522909164,0.0,0.5566769242286682,0.4354790449142456,-0.037922199815511703,0.0,0.5613729357719421,0.3758830428123474,-0.054356567561626434,0.0,0.5635271072387695,0.3384987413883209,-0.06911880522966385,0.0,0.5645114183425903,0.30659258365631104,-0.07677464932203293,0.0,0.5315721035003662,0.4443527162075043,-0.04071608930826187,0.0,0.5250511765480042,0.3911842107772827,-0.056498054414987564,0.0,0.5190088152885437,0.35544925928115845,-0.07264240086078644,0.0,0.51438969373703,0.32304561138153076,-0.08457325398921967,0.0,0.5103663206100464,0.4684091806411743,-0.04231493920087814,0.0,0.4934268593788147,0.43634331226348877,-0.05762895196676254,0.0,0.48085030913352966,0.4156472980976105,-0.07152844220399857,0.0,0.4690057635307312,0.3946523666381836,-0.08202020078897476,0.0
shubhangi,0.41578733921051025,0.586539626121521,6.20860691924463e-06,0.0,0.4477696418762207,0.5669466257095337,-0.03866579011082649,0.0,0.47501349449157715,0.5235369801521301,-0.0587749108672142,0.0,0.4948745667934418,0.49056825041770935,-0.07426992803812027,0.0,0.5158381462097168,0.4722653925418854,-0.08972882479429245,0.0,0.43226489424705505,0.459462970495224,-0.049620673060417175,0.0,0.439604252576828,0.4031051695346832,-0.06652216613292694,0.0,0.443264365196228,0.37126582860946655,-0.07639247924089432,0.0,0.44738760590553284,0.34541985392570496,-0.08473144471645355,0.0,0.40400606393814087,0.45997998118400574,-0.04360339418053627,0.0,0.39911335706710815,0.3983233571052551,-0.0606832280755043,0.0,0.39604634046554565,0.3642236590385437,-0.07086370140314102,0.0,0.39388078451156616,0.33806514739990234,-0.07710181921720505,0.0,0.38216203451156616,0.4760274887084961,-0.04096732661128044,0.0,0.3668444752693176,0.42359304428100586,-0.06137487664818764,0.0,0.3580801486968994,0.3924989104270935,-0.07685135304927826,0.0,0.3521997630596161,0.36515486240386963,-0.08893591910600662,0.0,0.36557334661483765,0.5049552917480469,-0.040019694715738297,0.0,0.3395189940929413,0.48078104853630066,-0.06272526830434799,0.0,0.3233557939529419,0.4714422821998596,-0.07634126394987106,0.0,0.3111032247543335,0.4600253701210022,-0.08679499477148056,0.0
shubhangi,0.39112555980682373,0.6040076613426208,-6.578084139619023e-06,0.0,0.4212867021560669,0.5770747065544128,-0.029357291758060455,0.0,0.44326865673065186,0.5315804481506348,-0.04540141299366951,0.0,0.46013545989990234,0.4975062310695648,-0.0577976293861866,0.0,0.4807426631450653,0.47657668590545654,-0.07289030402898788,0.0,0.4004039168357849,0.47276729345321655,-0.03879040107131004,0.0,0.40332916378974915,0.4216931462287903,-0.055234573781490326,0.0,0.40453845262527466,0.3871268928050995,-0.06593775004148483,0.0,0.4061511158943176,0.35766229033470154,-0.07619840651750565,0.0,0.37288686633110046,0.4742550849914551,-0.03522810339927673,0.0,0.36422979831695557,0.4178214967250824,-0.05090028792619705,0.0,0.36013129353523254,0.3820209205150604,-0.06282757222652435,0.0,0.3564274311065674,0.35348665714263916,-0.06887305527925491,0.0,0.35113561153411865,0.4906700849533081,-0.034485869109630585,0.0,0.33094000816345215,0.4468250572681427,-0.05122026056051254,0.0,0.3192858099937439,0.4161597490310669,-0.06820589303970337,0.0,0.3102964460849762,0.3902049660682678,-0.07968994230031967,0.0,0.33516982197761536,0.5197681784629822,-0.03491991013288498,0.0,0.30524325370788574,0.5026240348815918,-0.05441254749894142,0.0,0.286932110786438,0.4945356249809265,-0.06911027431488037,0.0,0.2714170217514038,0.48704347014427185,-0.07989420741796494,0.0
shubhangi,0.37716230750083923,0.613533079624176,4.5572713133879006e-05,0.0,0.4070230722427368,0.5795983076095581,-0.025278082117438316,0.0,0.4276728332042694,0.5346627831459045,-0.0379679799079895,0.0,0.44707033038139343,0.4971746802330017,-0.04731321707367897,0.0,0.46746015548706055,0.4803743064403534,-0.05859419330954552,0.0,0.38228514790534973,0.47604691982269287,-0.03145671635866165,0.0,0.3852309584617615,0.4226797819137573,-0.04191112518310547,0.0,0.3856464922428131,0.38909512758255005,-0.05159877613186836,0.0,0.38500261306762695,0.36017757654190063,-0.06229893118143082,0.0,0.353812575340271,0.47920292615890503,-0.027482355013489723,0.0,0.34467414021492004,0.4227488338947296,-0.0394056998193264,0.0,0.3392237722873688,0.38617533445358276,-0.05357963219285011,0.0,0.33321306109428406,0.3573358654975891,-0.06131654232740402,0.0,0.33158379793167114,0.4971827268600464,-0.025806954130530357,0.0,0.3118850290775299,0.4529688358306885,-0.038924071937799454,0.0,0.2997294068336487,0.42412495613098145,-0.05369177460670471,0.0,0.28892701864242554,0.4004274308681488,-0.06467366963624954,0.0,0.31643304228782654,0.5273094177246094,-0.024886976927518845,0.0,0.29024210572242737,0.5103397369384766,-0.04134014993906021,0.0,0.27200132608413696,0.49963122606277466,-0.05598434433341026,0.0,0.25458452105522156,0.48794129490852356,-0.06697850674390793,0.0
shubhangi,0.3898124694824219,0.6115078926086426,6.948337613721378e-06,0.0,0.42117905616760254,0.5806202292442322,-0.02670721709728241,0.0,0.44295743107795715,0.5379289984703064,-0.0439307875931263,0.0,0.46223315596580505,0.5031492114067078,-0.06053897365927696,0.0,0.48497769236564636,0.4838504493236542,-0.08022292703390121,0.0,0.3966188132762909,0.4727531373500824,-0.03623706474900246,0.0,0.3981248736381531,0.4232540726661682,-0.05934947729110718,0.0,0.39899030327796936,0.3897808790206909,-0.07536982744932175,0.0,0.4003376066684723,0.3590555191040039,-0.08880031853914261,0.0,0.37008363008499146,0.4748275876045227,-0.03737685829401016,0.0,0.3616577684879303,0.42055192589759827,-0.054140977561473846,0.0,0.35704532265663147,0.38452017307281494,-0.0696704238653183,0.0,0.3534667193889618,0.3543262779712677,-0.08129430562257767,0.0,0.3483589291572571,0.49204251170158386,-0.04266922548413277,0.0,0.3279756009578705,0.4498213231563568,-0.062216948717832565,0.0,0.3147650957107544,0.42123714089393616,-0.07832599431276321,0.0,0.30630242824554443,0.39439573884010315,-0.09001106023788452,0.0,0.33175039291381836,0.5213258266448975,-0.048505861312150955,0.0,0.30174803733825684,0.5055481791496277,-0.06808831542730331,0.0,0.2818443775177002,0.49690499901771545,-0.07870720326900482,0.0,0.2656009793281555,0.48604443669319153,-0.0871303603053093,0.0
shubhangi,0.4056929349899292,0.61274653673172,-1.2922177120344713e-05,0.0,0.43708813190460205,0.583321750164032,-0.0250760056078434,0.0,0.45972904562950134,0.5415495038032532,-0.04151485115289688,0.0,0.47867196798324585,0.5084285140037537,-0.0579390712082386,0.0,0.5031676292419434,0.4890700876712799,-0.07755406200885773,0.0,0.41806167364120483,0.4689274728298187,-0.03287411481142044,0.0,0.42426440119743347,0.41988787055015564,-0.05387747660279274,0.0,0.4276532828807831,0.38643497228622437,-0.06855051964521408,0.0,0.4317742586135864,0.3567452132701874,-0.08095710724592209,0.0,0.39152419567108154,0.4700765907764435,-0.032713837921619415,0.0,0.385592520236969,0.4132711589336395,-0.049784235656261444,0.0,0.3803832232952118,0.37595483660697937,-0.06404774636030197,0.0,0.37742137908935547,0.3453623652458191,-0.0753115639090538,0.0,0.3694917857646942,0.48719650506973267,-0.03679009526968002,0.0,0.3526056706905365,0.4416109025478363,-0.05568758398294449,0.0,0.3409196734428406,0.4088594317436218,-0.07157853990793228,0.0,0.3351597189903259,0.38129258155822754,-0.08277992904186249,0.0,0.35239091515541077,0.5166842341423035,-0.04078926891088486,0.0,0.3246731460094452,0.4955114722251892,-0.059192873537540436,0.0,0.3062518835067749,0.4829595685005188,-0.06970784068107605,0.0,0.292840838432312,0.4695891737937927,-0.0790250301361084,0.0
shubhangi,0.43058112263679504,0.5923741459846497,1.6649406461510807e-05,0.0,0.4670509994029999,0.5802146196365356,-0.03213564306497574,0.0,0.4965628981590271,0.5454520583152771,-0.05027822032570839,0.0,0.5214077234268188,0.5160114765167236,-0.06410441547632217,0.0,0.5452610850334167,0.5019235610961914,-0.08058807253837585,0.0,0.4618922173976898,0.4722488224506378,-0.0425584577023983,0.0,0.473708838224411,0.4153251647949219,-0.057325031608343124,0.0,0.48031511902809143,0.3856671452522278,-0.07033456861972809,0.0,0.4841873049736023,0.3620873689651489,-0.08041208982467651,0.0,0.433114230632782,0.46927231550216675,-0.03925204277038574,0.0,0.4320129156112671,0.4033196270465851,-0.05185173824429512,0.0,0.4311348795890808,0.36766088008880615,-0.06445220112800598,0.0,0.4270564317703247,0.3401215672492981,-0.07376139611005783,0.0,0.40996024012565613,0.4829040765762329,-0.03940480574965477,0.0,0.39665767550468445,0.42708101868629456,-0.05549532175064087,0.0,0.3883194625377655,0.3950249254703522,-0.07432299107313156,0.0,0.3804298937320709,0.3668452501296997,-0.08881381899118423,0.0,0.3909549415111542,0.5099073648452759,-0.04063744097948074,0.0,0.3654453158378601,0.48159927129745483,-0.05884036049246788,0.0,0.34872809052467346,0.4652708172798157,-0.07297936081886292,0.0,0.33311665058135986,0.4480976462364197,-0.08427449315786362,0.0
shubhangi,0.4570056200027466,0.6083246469497681,-4.421565245138481e-05,0.0,0.49454158544540405,0.5887405872344971,-0.03261768817901611,0.0,0.5211706757545471,0.556253969669342,-0.05315914750099182,0.0,0.5422906279563904,0.5280000567436218,-0.0718352198600769,0.0,0.572508692741394,0.5149595737457275,-0.09563715755939484,0.0,0.4963754415512085,0.4694550335407257,-0.04187043756246567,0.0,0.5105561017990112,0.4221515953540802,-0.05972781777381897,0.0,0.5198308825492859,0.38997283577919006,-0.0714113786816597,0.0,0.5288541316986084,0.3608236312866211,-0.08240791410207748,0.0,0.46922388672828674,0.46389803290367126,-0.037766359746456146,0.0,0.4748474955558777,0.4081263244152069,-0.05298970267176628,0.0,0.47757428884506226,0.3719868063926697,-0.06478491425514221,0.0,0.4796680212020874,0.33742934465408325,-0.07543058693408966,0.0,0.44341805577278137,0.47481557726860046,-0.03845732659101486,0.0,0.4352302551269531,0.4258148670196533,-0.05468932166695595,0.0,0.4309365153312683,0.3898797631263733,-0.07074185460805893,0.0,0.4287780523300171,0.35572579503059387,-0.08195333182811737,0.0,0.4211091101169586,0.4975689947605133,-0.03979892283678055,0.0,0.3966439366340637,0.4699212312698364,-0.059038612991571426,0.0,0.3802783489227295,0.45185622572898865,-0.07362625002861023,0.0,0.3670930862426758,0.43111735582351685,-0.08726264536380768,0.0
shubhangi,0.47333118319511414,0.6049259305000305,-3.965356881963089e-05,0.0,0.5105603933334351,0.5929372906684875,-0.03432691469788551,0.0,0.5386216044425964,0.5625099539756775,-0.05480235069990158,0.0,0.5621464252471924,0.5348288416862488,-0.07431820780038834,0.0,0.5903615951538086,0.523281991481781,-0.09698788076639175,0.0,0.5176421403884888,0.47435590624809265,-0.039848100394010544,0.0,0.5338593125343323,0.42665383219718933,-0.061347030103206635,0.0,0.5434094667434692,0.39364510774612427,-0.07716305553913116,0.0,0.5526965856552124,0.3642382323741913,-0.09042209386825562,0.0,0.4900352358818054,0.4645601212978363,-0.03610906004905701,0.0,0.49570348858833313,0.40676817297935486,-0.0515776127576828,0.0,0.4976290464401245,0.3690115213394165,-0.06651443988084793,0.0,0.4995279014110565,0.33675938844680786,-0.07837339490652084,0.0,0.46350064873695374,0.4724102318286896,-0.03679095208644867,0.0,0.4566316306591034,0.42297258973121643,-0.05712161958217621,0.0,0.45052772760391235,0.3863906264305115,-0.074568971991539,0.0,0.448634535074234,0.3531452417373657,-0.08699075132608414,0.0,0.440334677696228,0.4944152534008026,-0.03829304128885269,0.0,0.41803428530693054,0.4651404321193695,-0.05853411927819252,0.0,0.40227317810058594,0.4468030333518982,-0.06928985565900803,0.0,0.39057737588882446,0.42666128277778625,-0.07792294770479202,0.0
shubhangi,0.4749070405960083,0.6089866161346436,-8.718765229787095e-07,0.0,0.5131373405456543,0.5980303287506104,-0.03164948150515556,0.0,0.5464548468589783,0.5667292475700378,-0.04941410571336746,0.0,0.5749720335006714,0.5418193340301514,-0.06398853659629822,0.0,0.6030731201171875,0.5324649810791016,-0.082186259329319,0.0,0.5201797485351562,0.4821029603481293,-0.03520567715167999,0.0,0.5368730425834656,0.4335249066352844,-0.05769059434533119,0.0,0.5469149351119995,0.40066495537757874,-0.07458766549825668,0.0,0.5557239651679993,0.37157049775123596,-0.08920419216156006,0.0,0.49310702085494995,0.4720090925693512,-0.03322351723909378,0.0,0.4985416531562805,0.4150592088699341,-0.05032637342810631,0.0,0.5027622580528259,0.3756023943424225,-0.06701120734214783,0.0,0.5053645372390747,0.34439635276794434,-0.07891947776079178,0.0,0.46701961755752563,0.47907555103302,-0.035640276968479156,0.0,0.4597063362598419,0.42741498351097107,-0.05504702776670456,0.0,0.45640501379966736,0.3900127410888672,-0.0730566531419754,0.0,0.45603621006011963,0.3585585951805115,-0.0858229324221611,0.0,0.4430161416530609,0.5008161067962646,-0.039447229355573654,0.0,0.4208819568157196,0.47184136509895325,-0.05893772840499878,0.0,0.40569406747817993,0.45208707451820374,-0.07067757844924927,0.0,0.3932592570781708,0.43197932839393616,-0.0793694481253624,0.0
shubhangi,0.4616538882255554,0.6216520071029663,2.9384687877609394e-05,0.0,0.5004451870918274,0.6040464639663696,-0.03067054972052574,0.0,0.5350319147109985,0.5693856477737427,-0.045106712728738785,0.0,0.5633400082588196,0.5423175096511841,-0.055633656680583954,0.0,0.5894491076469421,0.5346190929412842,-0.06942879408597946,0.0,0.5062216520309448,0.4894682765007019,-0.0347050204873085,0.0,0.5239717960357666,0.43895670771598816,-0.04966804385185242,0.0,0.5327936410903931,0.4067623019218445,-0.062128692865371704,0.0,0.5390700697898865,0.37765294313430786,-0.07461993396282196,0.0,0.4783490002155304,0.4791673719882965,-0.03022349625825882,0.0,0.48528942465782166,0.41934478282928467,-0.04498131945729256,0.0,0.48898202180862427,0.3813156485557556,-0.06064356118440628,0.0,0.4904880225658417,0.34833309054374695,-0.07031337171792984,0.0,0.451871395111084,0.48667749762535095,-0.028925636783242226,0.0,0.4461362063884735,0.4325672388076782,-0.04549809545278549,0.0,0.4428359568119049,0.3978167474269867,-0.06387164443731308,0.0,0.43989747762680054,0.3677719235420227,-0.0770949274301529,0.0,0.4271807372570038,0.5086338520050049,-0.02935338020324707,0.0,0.4079430401325226,0.4776359498500824,-0.04905553162097931,0.0,0.39381495118141174,0.45723962783813477,-0.06456192582845688,0.0,0.3806348443031311,0.4372095465660095,-0.07780815660953522,0.0
shubhangi,0.45672041177749634,0.6112268567085266,-9.281717211706564e-06,0.0,0.4935479760169983,0.5986555218696594,-0.03146960958838463,0.0,0.5221422910690308,0.565496563911438,-0.04964553564786911,0.0,0.5454728007316589,0.53861403465271,-0.06545153260231018,0.0,0.5720014572143555,0.528096079826355,-0.08545967936515808,0.0,0.4937090575695038,0.484852135181427,-0.03699231892824173,0.0,0.5063700675964355,0.43807917833328247,-0.05919509753584862,0.0,0.5149140954017639,0.40647804737091064,-0.07439272105693817,0.0,0.5229038000106812,0.37834468483924866,-0.08644945174455643,0.0,0.46658170223236084,0.47864338755607605,-0.03445654734969139,0.0,0.46929600834846497,0.42258456349372864,-0.05092234909534454,0.0,0.47176164388656616,0.3852728605270386,-0.06586681306362152,0.0,0.4728756546974182,0.35390526056289673,-0.07671287655830383,0.0,0.4409877061843872,0.4881763756275177,-0.036395058035850525,0.0,0.4320555031299591,0.43830662965774536,-0.05485980957746506,0.0,0.4268413484096527,0.4027289152145386,-0.07200966775417328,0.0,0.4244728088378906,0.3705926537513733,-0.08447740226984024,0.0,0.41783609986305237,0.5105401277542114,-0.03926970064640045,0.0,0.39482590556144714,0.48091086745262146,-0.05789351835846901,0.0,0.3797416388988495,0.4627510905265808,-0.06937135756015778,0.0,0.3675028085708618,0.4439503848552704,-0.07832994312047958,0.0
shubhangi,0.44939756393432617,0.6142409443855286,6.753972684236942e-06,0.0,0.48587566614151,0.595702588558197,-0.03273952007293701,0.0,0.5176337957382202,0.5618185997009277,-0.049430906772613525,0.0,0.5451436042785645,0.5354105234146118,-0.06279073655605316,0.0,0.5702142119407654,0.5250453948974609,-0.07842601835727692,0.0,0.487912654876709,0.48493123054504395,-0.03804273158311844,0.0,0.5029571056365967,0.4362580180168152,-0.055953219532966614,0.0,0.510259747505188,0.40445467829704285,-0.06701145321130753,0.0,0.5156832933425903,0.3756818473339081,-0.07843806594610214,0.0,0.4608536958694458,0.4759371876716614,-0.03448273614048958,0.0,0.4661884903907776,0.4191773533821106,-0.049904242157936096,0.0,0.4690178334712982,0.3830673396587372,-0.06489400565624237,0.0,0.4697877764701843,0.35351890325546265,-0.07435715198516846,0.0,0.43557068705558777,0.48518088459968567,-0.03506515920162201,0.0,0.4284883141517639,0.4332403242588043,-0.05374479666352272,0.0,0.42506682872772217,0.3995092213153839,-0.07143057882785797,0.0,0.4235479235649109,0.37098583579063416,-0.08349061012268066,0.0,0.4121991991996765,0.5095047354698181,-0.03706043213605881,0.0,0.390634149312973,0.48180216550827026,-0.05822574347257614,0.0,0.3758859634399414,0.46280208230018616,-0.0728214755654335,0.0,0.36287540197372437,0.4427987039089203,-0.08395782113075256,0.0
